Name,Avg_Position_Past,Best_Position_Past,Worst_Position_Past,Best_Position_Recent,Worst_Position_Recent,Avg_Position_Recent,Last_Position,Avg_Finish_in_this_circuit,Avg_Team_Finish_in_this_circuit,Country,Team
NOR,5.746987951807229,1,19,1,7,2.6875,-1,1.0,-1.0,United Arab Emirates,7
NOR,5.746987951807229,1,19,1,7,2.6875,-1,2.333333333333333,-1.0,Brazil,7
NOR,5.746987951807229,1,19,1,7,2.6875,-1,2.5,-1.0,Hungary,7
NOR,5.746987951807229,1,19,1,7,2.6875,-1,3.0,-1.0,China,7
NOR,5.746987951807229,1,19,1,7,2.6875,-1,3.0,-1.0,Netherlands,7
NOR,5.746987951807229,1,19,1,7,2.6875,-1,3.6666666666666665,-1.0,Singapore,7
NOR,5.746987951807229,1,19,1,7,2.6875,-1,4.25,-1.0,Japan,7
NOR,5.746987951807229,1,19,1,7,2.6875,-1,4.25,-1.0,Spain,7
NOR,5.746987951807229,1,19,1,7,2.6875,-1,4.285714285714286,-1.0,Italy,7
NOR,5.746987951807229,1,19,1,7,2.6875,-1,5.0,-1.0,Monaco,7
NOR,5.746987951807229,1,19,1,7,2.6875,-1,5.25,-1.0,Austria,7
NOR,5.746987951807229,1,19,1,7,2.6875,-1,4.25,-1.0,Great Britain,7
NOR,5.746987951807229,1,19,1,7,2.6875,-1,5.5,-1.0,Belgium,7
NOR,5.746987951807229,1,19,1,7,2.6875,-1,5.5,-1.0,Qatar,7
NOR,5.746987951807229,1,19,1,7,2.6875,-1,6.0,-1.0,Abu Dhabi,7
NOR,5.746987951807229,1,19,1,7,2.6875,-1,6.0,-1.0,Australia,7
NOR,5.746987951807229,1,19,1,7,2.6875,-1,6.0,-1.0,France,7
NOR,5.746987951807229,1,19,1,7,2.6875,-1,7.222222222222222,-1.0,United States,7
NOR,5.746987951807229,1,19,1,7,2.6875,-1,7.25,-1.0,Canada,7
NOR,5.746987951807229,1,19,1,7,2.6875,-1,9.25,-1.0,Bahrain,7
NOR,5.746987951807229,1,19,1,7,2.6875,-1,10.0,-1.0,Mexico,7
NOR,5.746987951807229,1,19,1,7,2.6875,-1,10.0,-1.0,Saudi Arabia,7
NOR,5.746987951807229,1,19,1,7,2.6875,-1,11.666666666666666,-1.0,Azerbaijan,7
PIA,5.967213114754099,1,19,1,3,2.0,-1,1.0,9.833333333333334,China,7
PIA,5.967213114754099,1,19,1,3,2.0,-1,2.0,9.833333333333334,United Arab Emirates,7
PIA,5.967213114754099,1,19,1,3,2.0,-1,2.6666666666666665,9.833333333333334,Hungary,7
PIA,5.967213114754099,1,19,1,3,2.0,-1,3.0,9.833333333333334,Abu Dhabi,7
PIA,5.967213114754099,1,19,1,3,2.0,-1,3.0,9.833333333333334,Italy,7
PIA,5.967213114754099,1,19,1,3,2.0,-1,3.25,9.833333333333334,Great Britain,7
PIA,5.967213114754099,1,19,1,3,2.0,-1,3.6666666666666665,9.833333333333334,Japan,7
PIA,5.967213114754099,1,19,1,3,2.0,-1,4.0,9.833333333333334,Netherlands,7
PIA,5.967213114754099,1,19,1,3,2.0,-1,4.0,9.833333333333334,Canada,7
PIA,5.967213114754099,1,19,1,3,2.0,-1,4.666666666666667,9.833333333333334,Belgium,7
PIA,5.967213114754099,1,19,1,3,2.0,-1,5.0,9.833333333333334,Qatar,7
PIA,5.967213114754099,1,19,1,3,2.0,-1,5.333333333333333,9.833333333333334,Monaco,7
PIA,5.967213114754099,1,19,1,3,2.0,-1,5.666666666666667,9.833333333333334,Saudi Arabia,7
PIA,5.967213114754099,1,19,1,3,2.0,-1,5.666666666666667,9.833333333333334,Spain,7
PIA,5.967213114754099,1,19,1,3,2.0,-1,6.0,9.833333333333334,Azerbaijan,7
PIA,5.967213114754099,1,19,1,3,2.0,-1,8.0,9.833333333333334,Austria,7
PIA,5.967213114754099,1,19,1,3,2.0,-1,8.0,9.833333333333334,Australia,7
PIA,5.967213114754099,1,19,1,3,2.0,-1,8.5,9.833333333333334,Brazil,7
PIA,5.967213114754099,1,19,1,3,2.0,-1,9.0,9.833333333333334,Bahrain,7
PIA,5.967213114754099,1,19,1,3,2.0,-1,9.5,9.833333333333334,Singapore,7
PIA,5.967213114754099,1,19,1,3,2.0,-1,9.857142857142858,9.833333333333334,United States,7
PIA,5.967213114754099,1,19,1,3,2.0,-1,12.0,9.833333333333334,Mexico,7
VER,2.710843373493976,1,13,1,8,3.25,-1,1.0,5.5,Abu Dhabi,10
VER,2.710843373493976,1,13,1,8,3.25,-1,1.75,5.5,Great Britain,10
VER,2.710843373493976,1,13,1,8,3.25,-1,1.0,5.5,Japan,10
VER,2.710843373493976,1,13,1,8,3.25,-1,1.0,5.5,Qatar,10
VER,2.710843373493976,1,13,1,8,3.25,-1,1.75,5.5,Belgium,10
VER,2.710843373493976,1,13,1,8,3.25,-1,1.75,5.5,Australia,10
VER,2.710843373493976,1,13,1,8,3.25,-1,1.75,5.5,Netherlands,10
VER,2.710843373493976,1,13,1,8,3.25,-1,2.0,5.5,Mexico,10
VER,2.710843373493976,1,13,1,8,3.25,-1,2.0,5.5,Canada,10
VER,2.710843373493976,1,13,1,8,3.25,-1,2.0,5.5,Spain,10
VER,2.710843373493976,1,13,1,8,3.25,-1,2.25,5.5,Austria,10
VER,2.710843373493976,1,13,1,8,3.25,-1,2.2857142857142856,5.5,Italy,10
VER,2.710843373493976,1,13,1,8,3.25,-1,2.5,5.5,Saudi Arabia,10
VER,2.710843373493976,1,13,1,8,3.25,-1,2.7777777777777777,5.5,United States,10
VER,2.710843373493976,1,13,1,8,3.25,-1,3.0,5.5,France,10
VER,2.710843373493976,1,13,1,8,3.25,-1,3.0,5.5,Bahrain,10
VER,2.710843373493976,1,13,1,8,3.25,-1,3.6666666666666665,5.5,Azerbaijan,10
VER,2.710843373493976,1,13,1,8,3.25,-1,4.0,5.5,China,10
VER,2.710843373493976,1,13,1,8,3.25,-1,4.0,5.5,Monaco,10
VER,2.710843373493976,1,13,1,8,3.25,-1,4.25,5.5,Hungary,10
VER,2.710843373493976,1,13,1,8,3.25,-1,5.0,5.5,Brazil,10
VER,2.710843373493976,1,13,1,8,3.25,-1,5.0,5.5,United Arab Emirates,10
VER,2.710843373493976,1,13,1,8,3.25,-1,8.0,5.5,Singapore,10
RUS,5.891566265060241,1,18,1,13,4.5625,-1,2.0,5.333333333333333,China,8
RUS,5.891566265060241,1,18,1,13,4.5625,-1,2.0,5.333333333333333,Qatar,8
RUS,5.891566265060241,1,18,1,13,4.5625,-1,4.25,5.333333333333333,Canada,8
RUS,5.891566265060241,1,18,1,13,4.5625,-1,4.25,5.333333333333333,Bahrain,8
RUS,5.891566265060241,1,18,1,13,4.5625,-1,4.25,5.333333333333333,Netherlands,8
RUS,5.891566265060241,1,18,1,13,4.5625,-1,3.5,5.333333333333333,Great Britain,8
RUS,5.891566265060241,1,18,1,13,4.5625,-1,4.666666666666667,5.333333333333333,Brazil,8
RUS,5.891566265060241,1,18,1,13,4.5625,-1,5.0,5.333333333333333,Abu Dhabi,8
RUS,5.891566265060241,1,18,1,13,4.5625,-1,5.0,5.333333333333333,Mexico,8
RUS,5.891566265060241,1,18,1,13,4.5625,-1,5.5,5.333333333333333,Saudi Arabia,8
RUS,5.891566265060241,1,18,1,13,4.5625,-1,5.5,5.333333333333333,Australia,8
RUS,5.891566265060241,1,18,1,13,4.5625,-1,5.75,5.333333333333333,Spain,8
RUS,5.891566265060241,1,18,1,13,4.5625,-1,5.857142857142857,5.333333333333333,Italy,8
RUS,5.891566265060241,1,18,1,13,4.5625,-1,6.25,5.333333333333333,Austria,8
RUS,5.891566265060241,1,18,1,13,4.5625,-1,6.333333333333333,5.333333333333333,Singapore,8
RUS,5.891566265060241,1,18,1,13,4.5625,-1,6.555555555555555,5.333333333333333,United States,8
RUS,5.891566265060241,1,18,1,13,4.5625,-1,7.0,5.333333333333333,France,8
RUS,5.891566265060241,1,18,1,13,4.5625,-1,7.0,5.333333333333333,Azerbaijan,8
RUS,5.891566265060241,1,18,1,13,4.5625,-1,7.0,5.333333333333333,United Arab Emirates,8
RUS,5.891566265060241,1,18,1,13,4.5625,-1,7.5,5.333333333333333,Belgium,8
RUS,5.891566265060241,1,18,1,13,4.5625,-1,7.75,5.333333333333333,Japan,8
RUS,5.891566265060241,1,18,1,13,4.5625,-1,8.0,5.333333333333333,Monaco,8
RUS,5.891566265060241,1,18,1,13,4.5625,-1,10.0,5.333333333333333,Hungary,8
TSU,12.407407407407408,3,20,5,20,11.6,16,9.0,16.25,Abu Dhabi,2
TSU,12.407407407407408,3,20,5,20,11.6,16,9.0,16.25,China,2
TSU,12.407407407407408,3,20,5,20,11.6,16,9.333333333333334,16.25,Azerbaijan,2
TSU,12.407407407407408,3,20,5,20,11.6,16,10.0,16.25,Australia,2
TSU,12.407407407407408,3,20,5,20,11.6,16,10.0,16.25,France,2
TSU,12.407407407407408,3,20,5,20,11.6,16,10.0,16.25,Monaco,2
TSU,12.407407407407408,3,20,5,20,11.6,16,10.0,16.25,Singapore,2
TSU,12.407407407407408,3,20,5,20,11.6,16,11.0,16.25,Saudi Arabia,2
TSU,12.407407407407408,3,20,5,20,11.6,16,11.5,16.25,Japan,2
TSU,12.407407407407408,3,20,5,20,11.6,16,12.0,16.25,United Arab Emirates,2
TSU,12.407407407407408,3,20,5,20,11.6,16,12.0,16.25,Italy,2
TSU,12.407407407407408,3,20,5,20,11.6,16,12.5,16.25,Bahrain,2
TSU,12.407407407407408,3,20,5,20,11.6,16,12.5,16.25,Qatar,2
TSU,12.407407407407408,3,20,5,20,11.6,16,12.5,16.25,Netherlands,2
TSU,12.407407407407408,3,20,5,20,11.6,16,12.666666666666666,16.25,Brazil,2
TSU,12.407407407407408,3,20,5,20,11.6,16,12.666666666666666,16.25,United States,2
TSU,12.407407407407408,3,20,5,20,11.6,16,13.0,16.25,Mexico,2
TSU,12.407407407407408,3,20,5,20,11.6,16,13.5,16.25,Belgium,2
TSU,12.407407407407408,3,20,5,20,11.6,16,13.75,16.25,Canada,2
TSU,12.407407407407408,3,20,5,20,11.6,16,14.5,16.25,Hungary,2
TSU,12.407407407407408,3,20,5,20,11.6,16,13.75,16.25,Great Britain,2
TSU,12.407407407407408,3,20,5,20,11.6,16,15.75,16.25,Austria,2
TSU,12.407407407407408,3,20,5,20,11.6,16,16.5,16.25,Spain,2
ALB,12.753086419753089,1,20,5,20,10.8125,11,8.0,18.125,Canada,11
ALB,12.753086419753089,1,20,5,20,10.8125,11,10.0,18.125,China,11
ALB,12.753086419753089,1,20,5,20,10.8125,11,10.2,18.125,Italy,11
ALB,12.753086419753089,1,20,5,20,10.8125,11,10.25,18.125,Netherlands,11
ALB,12.753086419753089,1,20,5,20,10.8125,11,10.5,18.125,Belgium,11
ALB,12.753086419753089,1,20,5,20,10.8125,11,11.0,18.125,Australia,11
ALB,12.753086419753089,1,20,5,20,10.8125,11,11.0,18.125,Brazil,11
ALB,12.753086419753089,1,20,5,20,10.8125,11,11.25,18.125,Monaco,11
ALB,12.753086419753089,1,20,5,20,10.8125,11,11.75,18.125,Great Britain,11
ALB,12.753086419753089,1,20,5,20,10.8125,11,13.0,18.125,Japan,11
ALB,12.753086419753089,1,20,5,20,10.8125,11,13.0,18.125,Austria,11
ALB,12.753086419753089,1,20,5,20,10.8125,11,13.22222222222222,18.125,United States,11
ALB,12.753086419753089,1,20,5,20,10.8125,11,13.333333333333334,18.125,Azerbaijan,11
ALB,12.753086419753089,1,20,5,20,10.8125,11,14.0,18.125,Mexico,11
ALB,12.753086419753089,1,20,5,20,10.8125,11,14.25,18.125,Bahrain,11
ALB,12.753086419753089,1,20,5,20,10.8125,11,14.25,18.125,Saudi Arabia,11
ALB,12.753086419753089,1,20,5,20,10.8125,11,15.0,18.125,Singapore,11
ALB,12.753086419753089,1,20,5,20,10.8125,11,15.0,18.125,Abu Dhabi,11
ALB,12.753086419753089,1,20,5,20,10.8125,11,15.0,18.125,France,11
ALB,12.753086419753089,1,20,5,20,10.8125,11,15.0,18.125,Qatar,11
ALB,12.753086419753089,1,20,5,20,10.8125,11,16.0,18.125,United Arab Emirates,11
ALB,12.753086419753089,1,20,5,20,10.8125,11,16.5,18.125,Hungary,11
ALB,12.753086419753089,1,20,5,20,10.8125,11,16.75,18.125,Spain,11
LEC,4.301204819277109,1,19,2,11,5.5625,7,1.0,6.0,Azerbaijan,5
LEC,4.301204819277109,1,19,2,11,5.5625,7,1.0,6.0,France,5
LEC,4.301204819277109,1,19,2,11,5.5625,7,1.75,6.0,Monaco,5
LEC,4.301204819277109,1,19,2,11,5.5625,7,2.0,6.0,Bahrain,5
LEC,4.301204819277109,1,19,2,11,5.5625,7,2.5,6.0,Abu Dhabi,5
LEC,4.301204819277109,1,19,2,11,5.5625,7,2.6666666666666665,6.0,Singapore,5
LEC,4.301204819277109,1,19,2,11,5.5625,7,2.75,6.0,Saudi Arabia,5
LEC,4.301204819277109,1,19,2,11,5.5625,7,2.75,6.0,Belgium,5
LEC,4.301204819277109,1,19,2,11,5.5625,7,3.0,6.0,Austria,5
LEC,4.301204819277109,1,19,2,11,5.5625,7,3.0,6.0,United States,5
LEC,4.301204819277109,1,19,2,11,5.5625,7,5.75,6.0,Great Britain,5
LEC,4.301204819277109,1,19,2,11,5.5625,7,4.0,6.0,Mexico,5
LEC,4.301204819277109,1,19,2,11,5.5625,7,4.142857142857143,6.0,Italy,5
LEC,4.301204819277109,1,19,2,11,5.5625,7,4.5,6.0,Japan,5
LEC,4.301204819277109,1,19,2,11,5.5625,7,4.75,6.0,Australia,5
LEC,4.301204819277109,1,19,2,11,5.5625,7,5.0,6.0,Qatar,5
LEC,4.301204819277109,1,19,2,11,5.5625,7,5.25,6.0,Hungary,5
LEC,4.301204819277109,1,19,2,11,5.5625,7,5.333333333333333,6.0,Brazil,5
LEC,4.301204819277109,1,19,2,11,5.5625,7,6.0,6.0,Netherlands,5
LEC,4.301204819277109,1,19,2,11,5.5625,7,6.0,6.0,China,5
LEC,4.301204819277109,1,19,2,11,5.5625,7,8.0,6.0,Spain,5
LEC,4.301204819277109,1,19,2,11,5.5625,7,10.75,6.0,Canada,5
LEC,4.301204819277109,1,19,2,11,5.5625,7,11.0,6.0,United Arab Emirates,5
HAM,7.204819277108434,1,19,4,16,7.9375,-1,4.333333333333333,12.5,Singapore,8
HAM,7.204819277108434,1,19,4,16,7.9375,-1,4.5,12.5,Qatar,8
HAM,7.204819277108434,1,19,4,16,7.9375,-1,4.75,12.5,Spain,8
HAM,7.204819277108434,1,19,4,16,7.9375,-1,5.0,12.5,Austria,8
HAM,7.204819277108434,1,19,4,16,7.9375,-1,5.0,12.5,Mexico,8
HAM,7.204819277108434,1,19,4,16,7.9375,-1,5.0,12.5,France,8
HAM,7.204819277108434,1,19,4,16,7.9375,-1,5.0,12.5,China,8
HAM,7.204819277108434,1,19,4,16,7.9375,-1,5.25,12.5,Canada,8
HAM,7.204819277108434,1,19,4,16,7.9375,-1,4.75,12.5,Great Britain,8
HAM,7.204819277108434,1,19,4,16,7.9375,-1,6.333333333333333,12.5,Azerbaijan,8
HAM,7.204819277108434,1,19,4,16,7.9375,-1,6.5,12.5,Monaco,8
HAM,7.204819277108434,1,19,4,16,7.9375,-1,6.75,12.5,Hungary,8
HAM,7.204819277108434,1,19,4,16,7.9375,-1,7.0,12.5,Japan,8
HAM,7.204819277108434,1,19,4,16,7.9375,-1,7.25,12.5,Australia,8
HAM,7.204819277108434,1,19,4,16,7.9375,-1,7.5,12.5,Bahrain,8
HAM,7.204819277108434,1,19,4,16,7.9375,-1,7.75,12.5,Belgium,8
HAM,7.204819277108434,1,19,4,16,7.9375,-1,8.428571428571429,12.5,Italy,8
HAM,7.204819277108434,1,19,4,16,7.9375,-1,8.5,12.5,Abu Dhabi,8
HAM,7.204819277108434,1,19,4,16,7.9375,-1,8.666666666666666,12.5,United States,8
HAM,7.204819277108434,1,19,4,16,7.9375,-1,8.75,12.5,Netherlands,8
HAM,7.204819277108434,1,19,4,16,7.9375,-1,10.333333333333334,12.5,Brazil,8
HAM,7.204819277108434,1,19,4,16,7.9375,-1,11.0,12.5,Saudi Arabia,8
HAM,7.204819277108434,1,19,4,16,7.9375,-1,18.0,12.5,United Arab Emirates,8
SAI,5.890243902439025,1,19,5,19,11.5,-1,2.0,7.0,France,5
SAI,5.890243902439025,1,19,5,19,11.5,-1,2.6666666666666665,7.0,Mexico,5
SAI,5.890243902439025,1,19,5,19,11.5,-1,3.0,7.0,United Arab Emirates,5
SAI,5.890243902439025,1,19,5,19,11.5,-1,3.111111111111111,7.0,United States,5
SAI,5.890243902439025,1,19,5,19,11.5,-1,3.6666666666666665,7.0,Azerbaijan,5
SAI,5.890243902439025,1,19,5,19,11.5,-1,4.0,7.0,Singapore,5
SAI,5.890243902439025,1,19,5,19,11.5,-1,6.75,7.0,Great Britain,5
SAI,5.890243902439025,1,19,5,19,11.5,-1,4.75,7.0,Bahrain,5
SAI,5.890243902439025,1,19,5,19,11.5,-1,5.0,7.0,Australia,5
SAI,5.890243902439025,1,19,5,19,11.5,-1,5.0,7.0,Italy,5
SAI,5.890243902439025,1,19,5,19,11.5,-1,5.25,7.0,Monaco,5
SAI,5.890243902439025,1,19,5,19,11.5,-1,5.666666666666667,7.0,Saudi Arabia,5
SAI,5.890243902439025,1,19,5,19,11.5,-1,6.25,7.0,Japan,5
SAI,5.890243902439025,1,19,5,19,11.5,-1,7.0,7.0,Brazil,5
SAI,5.890243902439025,1,19,5,19,11.5,-1,7.0,7.0,Hungary,5
SAI,5.890243902439025,1,19,5,19,11.5,-1,7.25,7.0,Belgium,5
SAI,5.890243902439025,1,19,5,19,11.5,-1,7.25,7.0,Spain,5
SAI,5.890243902439025,1,19,5,19,11.5,-1,7.25,7.0,Austria,5
SAI,5.890243902439025,1,19,5,19,11.5,-1,7.5,7.0,Netherlands,5
SAI,5.890243902439025,1,19,5,19,11.5,-1,9.5,7.0,Canada,5
SAI,5.890243902439025,1,19,5,19,11.5,-1,9.5,7.0,Qatar,5
SAI,5.890243902439025,1,19,5,19,11.5,-1,10.0,7.0,Abu Dhabi,5
SAI,5.890243902439025,1,19,5,19,11.5,-1,12.0,7.0,China,5
GAS,12.385542168674698,4,20,5,20,12.8125,16,6.0,-1.0,United Arab Emirates,2
GAS,12.385542168674698,4,20,5,20,12.8125,16,8.5,-1.0,Spain,2
GAS,12.385542168674698,4,20,5,20,12.8125,16,8.666666666666666,-1.0,United States,2
GAS,12.385542168674698,4,20,5,20,12.8125,16,9.0,-1.0,Qatar,2
GAS,12.385542168674698,4,20,5,20,12.8125,16,10.25,-1.0,Austria,2
GAS,12.385542168674698,4,20,5,20,12.8125,16,12.75,-1.0,Great Britain,2
GAS,12.385542168674698,4,20,5,20,12.8125,16,11.0,-1.0,Mexico,2
GAS,12.385542168674698,4,20,5,20,12.8125,16,11.75,-1.0,Australia,2
GAS,12.385542168674698,4,20,5,20,12.8125,16,11.75,-1.0,Saudi Arabia,2
GAS,12.385542168674698,4,20,5,20,12.8125,16,11.75,-1.0,Netherlands,2
GAS,12.385542168674698,4,20,5,20,12.8125,16,12.0,-1.0,Abu Dhabi,2
GAS,12.385542168674698,4,20,5,20,12.8125,16,12.25,-1.0,Belgium,2
GAS,12.385542168674698,4,20,5,20,12.8125,16,12.666666666666666,-1.0,Azerbaijan,2
GAS,12.385542168674698,4,20,5,20,12.8125,16,12.75,-1.0,Monaco,2
GAS,12.385542168674698,4,20,5,20,12.8125,16,13.0,-1.0,Singapore,2
GAS,12.385542168674698,4,20,5,20,12.8125,16,13.333333333333334,-1.0,Brazil,2
GAS,12.385542168674698,4,20,5,20,12.8125,16,13.75,-1.0,Bahrain,2
GAS,12.385542168674698,4,20,5,20,12.8125,16,14.25,-1.0,Japan,2
GAS,12.385542168674698,4,20,5,20,12.8125,16,14.428571428571429,-1.0,Italy,2
GAS,12.385542168674698,4,20,5,20,12.8125,16,16.0,-1.0,China,2
GAS,12.385542168674698,4,20,5,20,12.8125,16,17.0,-1.0,Canada,2
GAS,12.385542168674698,4,20,5,20,12.8125,16,17.0,-1.0,France,2
GAS,12.385542168674698,4,20,5,20,12.8125,16,17.75,-1.0,Hungary,2
HAD,9.75,4,16,4,16,9.75,7,4.0,8.5,Netherlands,9
HAD,9.75,4,16,4,16,9.75,7,7.0,8.5,Hungary,9
HAD,9.75,4,16,4,16,9.75,7,7.0,8.5,Japan,9
HAD,9.75,4,16,4,16,9.75,7,7.0,8.5,China,9
HAD,9.75,4,16,4,16,9.75,7,7.0,8.5,Monaco,9
HAD,9.75,4,16,4,16,9.75,7,8.0,8.5,Belgium,9
HAD,9.75,4,16,4,16,9.75,7,9.0,8.5,Spain,9
HAD,9.75,4,16,4,16,9.75,7,9.0,8.5,Canada,9
HAD,9.75,4,16,4,16,9.75,7,11.0,8.5,United States,9
HAD,9.75,4,16,4,16,9.75,7,11.0,8.5,Australia,9
HAD,9.75,4,16,4,16,9.75,7,11.0,8.5,Austria,9
HAD,9.75,4,16,4,16,9.75,7,12.0,8.5,Bahrain,9
HAD,9.75,4,16,4,16,9.75,7,13.0,8.5,Italy,9
HAD,9.75,4,16,4,16,9.75,7,14.0,8.5,Saudi Arabia,9
HAD,9.75,4,16,4,16,9.75,7,13.0,8.5,Great Britain,9
ALO,9.024096385542167,2,19,5,19,10.9375,-1,5.0,11.25,Canada,3
ALO,9.024096385542167,2,19,5,19,10.9375,-1,6.0,11.25,Qatar,3
ALO,9.024096385542167,2,19,5,19,10.9375,-1,6.333333333333333,11.25,Brazil,3
ALO,9.024096385542167,2,19,5,19,10.9375,-1,6.5,11.25,Hungary,3
ALO,9.024096385542167,2,19,5,19,10.9375,-1,6.75,11.25,Saudi Arabia,3
ALO,9.024096385542167,2,19,5,19,10.9375,-1,7.0,11.25,Singapore,3
ALO,9.024096385542167,2,19,5,19,10.9375,-1,7.25,11.25,Australia,3
ALO,9.024096385542167,2,19,5,19,10.9375,-1,8.0,11.25,France,3
ALO,9.024096385542167,2,19,5,19,10.9375,-1,8.0,11.25,United Arab Emirates,3
ALO,9.024096385542167,2,19,5,19,10.9375,-1,8.0,11.25,Azerbaijan,3
ALO,9.024096385542167,2,19,5,19,10.9375,-1,8.25,11.25,Monaco,3
ALO,9.024096385542167,2,19,5,19,10.9375,-1,8.25,11.25,Netherlands,3
ALO,9.024096385542167,2,19,5,19,10.9375,-1,8.5,11.25,Bahrain,3
ALO,9.024096385542167,2,19,5,19,10.9375,-1,9.0,11.25,Japan,3
ALO,9.024096385542167,2,19,5,19,10.9375,-1,9.5,11.25,Abu Dhabi,3
ALO,9.024096385542167,2,19,5,19,10.9375,-1,9.5,11.25,Great Britain,3
ALO,9.024096385542167,2,19,5,19,10.9375,-1,10.0,11.25,Italy,3
ALO,9.024096385542167,2,19,5,19,10.9375,-1,10.75,11.25,Belgium,3
ALO,9.024096385542167,2,19,5,19,10.9375,-1,11.0,11.25,Austria,3
ALO,9.024096385542167,2,19,5,19,10.9375,-1,11.666666666666666,11.25,Mexico,3
ALO,9.024096385542167,2,19,5,19,10.9375,-1,11.75,11.25,Spain,3
ALO,9.024096385542167,2,19,5,19,10.9375,-1,12.11111111111111,11.25,United States,3
ALO,9.024096385542167,2,19,5,19,10.9375,-1,14.0,11.25,China,3
DOO,16.0,11,20,11,19,15.333333333333334,18,11.0,17.0,Bahrain,3
DOO,16.0,11,20,11,19,15.333333333333334,18,13.0,17.0,Australia,3
DOO,16.0,11,20,11,19,15.333333333333334,18,14.0,17.0,United States,3
DOO,16.0,11,20,11,19,15.333333333333334,18,17.0,17.0,Saudi Arabia,3
DOO,16.0,11,20,11,19,15.333333333333334,18,18.0,17.0,China,3
DOO,16.0,11,20,11,19,15.333333333333334,18,19.0,17.0,Japan,3
DOO,16.0,11,20,11,19,15.333333333333334,18,20.0,17.0,United Arab Emirates,3
STR,14.098765432098766,3,20,3,20,15.733333333333333,-1,9.333333333333334,11.5,Netherlands,4
STR,14.098765432098766,3,20,3,20,15.733333333333333,-1,9.666666666666666,11.5,Australia,4
STR,14.098765432098766,3,20,3,20,15.733333333333333,-1,9.75,11.5,Hungary,4
STR,14.098765432098766,3,20,3,20,15.733333333333333,-1,11.25,11.5,Saudi Arabia,4
STR,14.098765432098766,3,20,3,20,15.733333333333333,-1,11.666666666666666,11.5,Brazil,4
STR,14.098765432098766,3,20,3,20,15.733333333333333,-1,13.0,11.5,Spain,4
STR,14.098765432098766,3,20,3,20,15.733333333333333,-1,14.0,11.5,Austria,4
STR,14.098765432098766,3,20,3,20,15.733333333333333,-1,14.0,11.5,Abu Dhabi,4
STR,14.098765432098766,3,20,3,20,15.733333333333333,-1,14.333333333333334,11.5,Azerbaijan,4
STR,14.098765432098766,3,20,3,20,15.733333333333333,-1,14.5,11.5,Bahrain,4
STR,14.098765432098766,3,20,3,20,15.733333333333333,-1,14.75,11.5,Belgium,4
STR,14.098765432098766,3,20,3,20,15.733333333333333,-1,14.75,11.5,Canada,4
STR,14.098765432098766,3,20,3,20,15.733333333333333,-1,14.88888888888889,11.5,United States,4
STR,14.098765432098766,3,20,3,20,15.733333333333333,-1,15.0,11.5,Italy,4
STR,14.098765432098766,3,20,3,20,15.733333333333333,-1,15.0,11.5,China,4
STR,14.098765432098766,3,20,3,20,15.733333333333333,-1,15.0,11.5,United Arab Emirates,4
STR,14.098765432098766,3,20,3,20,15.733333333333333,-1,16.0,11.5,France,4
STR,14.098765432098766,3,20,3,20,15.733333333333333,-1,16.0,11.5,Qatar,4
STR,14.098765432098766,3,20,3,20,15.733333333333333,-1,14.5,11.5,Great Britain,4
STR,14.098765432098766,3,20,3,20,15.733333333333333,-1,16.25,11.5,Monaco,4
STR,14.098765432098766,3,20,3,20,15.733333333333333,-1,16.333333333333332,11.5,Singapore,4
STR,14.098765432098766,3,20,3,20,15.733333333333333,-1,16.666666666666668,11.5,Mexico,4
STR,14.098765432098766,3,20,3,20,15.733333333333333,-1,18.0,11.5,Japan,4
BOR,14.0625,7,20,7,20,14.0625,17,7.0,16.5,Austria,6
BOR,14.0625,7,20,7,20,14.0625,17,9.0,16.5,Hungary,6
BOR,14.0625,7,20,7,20,14.0625,17,10.0,16.5,Belgium,6
BOR,14.0625,7,20,7,20,14.0625,17,12.0,16.5,Italy,6
BOR,14.0625,7,20,7,20,14.0625,17,12.0,16.5,Spain,6
BOR,14.0625,7,20,7,20,14.0625,17,12.0,16.5,Netherlands,6
BOR,14.0625,7,20,7,20,14.0625,17,13.0,16.5,United States,6
BOR,14.0625,7,20,7,20,14.0625,17,15.0,16.5,Australia,6
BOR,14.0625,7,20,7,20,14.0625,17,16.0,16.5,Canada,6
BOR,14.0625,7,20,7,20,14.0625,17,16.0,16.5,Monaco,6
BOR,14.0625,7,20,7,20,14.0625,17,17.0,16.5,Japan,6
BOR,14.0625,7,20,7,20,14.0625,17,18.0,16.5,Bahrain,6
BOR,14.0625,7,20,7,20,14.0625,17,19.0,16.5,China,6
BOR,14.0625,7,20,7,20,14.0625,17,20.0,16.5,Saudi Arabia,6
BOR,14.0625,7,20,7,20,14.0625,17,17.0,16.5,Great Britain,6
ANT,9.3125,4,18,4,18,9.3125,-1,4.0,5.25,Bahrain,8
ANT,9.3125,4,18,4,18,9.3125,-1,4.0,5.25,Canada,8
ANT,9.3125,4,18,4,18,9.3125,-1,4.0,5.25,United States,8
ANT,9.3125,4,18,4,18,9.3125,-1,6.0,5.25,Japan,8
ANT,9.3125,4,18,4,18,9.3125,-1,6.0,5.25,Saudi Arabia,8
ANT,9.3125,4,18,4,18,9.3125,-1,6.0,5.25,Spain,8
ANT,9.3125,4,18,4,18,9.3125,-1,8.0,5.25,China,8
ANT,9.3125,4,18,4,18,9.3125,-1,10.0,5.25,Austria,8
ANT,9.3125,4,18,4,18,9.3125,-1,10.0,5.25,Italy,8
ANT,9.3125,4,18,4,18,9.3125,-1,11.0,5.25,Netherlands,8
ANT,9.3125,4,18,4,18,9.3125,-1,14.0,5.25,Hungary,8
ANT,9.3125,4,18,4,18,9.3125,-1,15.0,5.25,Monaco,8
ANT,9.3125,4,18,4,18,9.3125,-1,16.0,5.25,Australia,8
ANT,9.3125,4,18,4,18,9.3125,-1,18.0,5.25,Belgium,8
ANT,9.3125,4,18,4,18,9.3125,-1,7.0,5.25,Great Britain,8
HUL,13.428571428571429,4,20,12,20,16.1875,-1,4.0,14.75,United Arab Emirates,4
HUL,13.428571428571429,4,20,12,20,16.1875,-1,8.5,14.75,Singapore,4
HUL,13.428571428571429,4,20,12,20,16.1875,-1,9.0,14.75,Abu Dhabi,4
HUL,13.428571428571429,4,20,12,20,16.1875,-1,11.75,14.75,Great Britain,4
HUL,13.428571428571429,4,20,12,20,16.1875,-1,11.0,14.75,Mexico,4
HUL,13.428571428571429,4,20,12,20,16.1875,-1,12.333333333333334,14.75,Austria,4
HUL,13.428571428571429,4,20,12,20,16.1875,-1,12.4,14.75,Italy,4
HUL,13.428571428571429,4,20,12,20,16.1875,-1,12.75,14.75,Bahrain,4
HUL,13.428571428571429,4,20,12,20,16.1875,-1,13.0,14.75,Spain,4
HUL,13.428571428571429,4,20,12,20,16.1875,-1,13.0,14.75,China,4
HUL,13.428571428571429,4,20,12,20,16.1875,-1,13.0,14.75,United States,4
HUL,13.428571428571429,4,20,12,20,16.1875,-1,13.333333333333334,14.75,Hungary,4
HUL,13.428571428571429,4,20,12,20,16.1875,-1,13.333333333333334,14.75,Canada,4
HUL,13.428571428571429,4,20,12,20,16.1875,-1,13.666666666666666,14.75,Australia,4
HUL,13.428571428571429,4,20,12,20,16.1875,-1,14.666666666666666,14.75,Monaco,4
HUL,13.428571428571429,4,20,12,20,16.1875,-1,15.0,14.75,Brazil,4
HUL,13.428571428571429,4,20,12,20,16.1875,-1,15.333333333333334,14.75,Japan,4
HUL,13.428571428571429,4,20,12,20,16.1875,-1,15.333333333333334,14.75,Netherlands,4
HUL,13.428571428571429,4,20,12,20,16.1875,-1,15.5,14.75,Azerbaijan,4
HUL,13.428571428571429,4,20,12,20,16.1875,-1,15.75,14.75,Saudi Arabia,4
HUL,13.428571428571429,4,20,12,20,16.1875,-1,16.5,14.75,Qatar,4
HUL,13.428571428571429,4,20,12,20,16.1875,-1,17.0,14.75,Belgium,4
LAW,13.77777777777778,5,20,9,20,14.25,9,5.0,2.75,Brazil,10
LAW,13.77777777777778,5,20,9,20,14.25,9,9.0,2.75,Austria,10
LAW,13.77777777777778,5,20,9,20,14.25,9,9.0,2.75,Belgium,10
LAW,13.77777777777778,5,20,9,20,14.25,9,10.0,2.75,Hungary,10
LAW,13.77777777777778,5,20,9,20,14.25,9,10.0,2.75,Monaco,10
LAW,13.77777777777778,5,20,9,20,14.25,9,12.0,2.75,Singapore,10
LAW,13.77777777777778,5,20,9,20,14.25,9,12.0,2.75,Japan,10
LAW,13.77777777777778,5,20,9,20,14.25,9,12.0,2.75,Mexico,10
LAW,13.77777777777778,5,20,9,20,14.25,9,12.0,2.75,Saudi Arabia,10
LAW,13.77777777777778,5,20,9,20,14.25,9,13.0,2.75,Spain,10
LAW,13.77777777777778,5,20,9,20,14.25,9,13.0,2.75,United Arab Emirates,10
LAW,13.77777777777778,5,20,9,20,14.25,9,13.333333333333334,2.75,United States,10
LAW,13.77777777777778,5,20,9,20,14.25,9,14.5,2.75,Netherlands,10
LAW,13.77777777777778,5,20,9,20,14.25,9,16.333333333333332,2.75,Italy,10
LAW,13.77777777777778,5,20,9,20,14.25,9,17.0,2.75,Bahrain,10
LAW,13.77777777777778,5,20,9,20,14.25,9,17.5,2.75,Qatar,10
LAW,13.77777777777778,5,20,9,20,14.25,9,18.0,2.75,Australia,10
LAW,13.77777777777778,5,20,9,20,14.25,9,19.0,2.75,Canada,10
LAW,13.77777777777778,5,20,9,20,14.25,9,20.0,2.75,China,10
LAW,13.77777777777778,5,20,9,20,14.25,9,16.0,2.75,Great Britain,10
OCO,12.851851851851851,4,20,9,19,15.1875,-1,8.0,11.25,Monaco,3
OCO,12.851851851851851,4,20,9,19,15.1875,-1,8.666666666666666,11.25,Brazil,3
OCO,12.851851851851851,4,20,9,19,15.1875,-1,10.25,11.25,Belgium,3
OCO,12.851851851851851,4,20,9,19,15.1875,-1,10.5,11.25,Abu Dhabi,3
OCO,12.851851851851851,4,20,9,19,15.1875,-1,11.0,11.25,China,3
OCO,12.851851851851851,4,20,9,19,15.1875,-1,11.75,11.25,Austria,3
OCO,12.851851851851851,4,20,9,19,15.1875,-1,11.75,11.25,Spain,3
OCO,12.851851851851851,4,20,9,19,15.1875,-1,12.0,11.25,United States,3
OCO,12.851851851851851,4,20,9,19,15.1875,-1,12.25,11.25,Canada,3
OCO,12.851851851851851,4,20,9,19,15.1875,-1,12.25,11.25,Saudi Arabia,3
OCO,12.851851851851851,4,20,9,19,15.1875,-1,14.5,11.25,Great Britain,3
OCO,12.851851851851851,4,20,9,19,15.1875,-1,13.0,11.25,Japan,3
OCO,12.851851851851851,4,20,9,19,15.1875,-1,13.0,11.25,France,3
OCO,12.851851851851851,4,20,9,19,15.1875,-1,13.25,11.25,Bahrain,3
OCO,12.851851851851851,4,20,9,19,15.1875,-1,13.666666666666666,11.25,Singapore,3
OCO,12.851851851851851,4,20,9,19,15.1875,-1,13.75,11.25,Australia,3
OCO,12.851851851851851,4,20,9,19,15.1875,-1,14.0,11.25,Hungary,3
OCO,12.851851851851851,4,20,9,19,15.1875,-1,14.5,11.25,Qatar,3
OCO,12.851851851851851,4,20,9,19,15.1875,-1,15.0,11.25,Azerbaijan,3
OCO,12.851851851851851,4,20,9,19,15.1875,-1,15.0,11.25,Mexico,3
OCO,12.851851851851851,4,20,9,19,15.1875,-1,15.857142857142858,11.25,Italy,3
OCO,12.851851851851851,4,20,9,19,15.1875,-1,16.0,11.25,Netherlands,3
BEA,14.27777777777778,8,20,8,20,14.533333333333331,19,10.0,15.75,Japan,1
BEA,14.27777777777778,8,20,8,20,14.533333333333331,19,11.0,15.75,Azerbaijan,1
BEA,14.27777777777778,8,20,8,20,14.533333333333331,19,12.0,15.75,Belgium,1
BEA,14.27777777777778,8,20,8,20,14.533333333333331,19,12.0,15.75,Hungary,1
BEA,14.27777777777778,8,20,8,20,14.533333333333331,19,12.5,15.75,Italy,1
BEA,14.27777777777778,8,20,8,20,14.533333333333331,19,13.0,15.75,Saudi Arabia,1
BEA,14.27777777777778,8,20,8,20,14.533333333333331,19,14.0,15.75,Austria,1
BEA,14.27777777777778,8,20,8,20,14.533333333333331,19,14.0,15.75,Canada,1
BEA,14.27777777777778,8,20,8,20,14.533333333333331,19,15.0,15.75,Spain,1
BEA,14.27777777777778,8,20,8,20,14.533333333333331,19,17.0,15.75,Brazil,1
BEA,14.27777777777778,8,20,8,20,14.533333333333331,19,17.0,15.75,China,1
BEA,14.27777777777778,8,20,8,20,14.533333333333331,19,17.0,15.75,Monaco,1
BEA,14.27777777777778,8,20,8,20,14.533333333333331,19,19.0,15.75,Netherlands,1
BEA,14.27777777777778,8,20,8,20,14.533333333333331,19,20.0,15.75,Bahrain,1
BEA,14.27777777777778,8,20,8,20,14.533333333333331,19,20.0,15.75,United States,1
BEA,14.27777777777778,8,20,8,20,14.533333333333331,19,8.0,15.75,Great Britain,1
COL,16.263157894736842,9,20,12,20,16.7,-1,9.0,11.25,Azerbaijan,3
COL,16.263157894736842,9,20,12,20,16.7,-1,12.0,11.25,Canada,3
COL,16.263157894736842,9,20,12,20,16.7,-1,12.0,11.25,Singapore,3
COL,16.263157894736842,9,20,12,20,16.7,-1,15.0,11.25,Hungary,3
COL,16.263157894736842,9,20,12,20,16.7,-1,15.0,11.25,Austria,3
COL,16.263157894736842,9,20,12,20,16.7,-1,15.5,11.25,United States,3
COL,16.263157894736842,9,20,12,20,16.7,-1,16.0,11.25,Mexico,3
COL,16.263157894736842,9,20,12,20,16.7,-1,16.0,11.25,Netherlands,3
COL,16.263157894736842,9,20,12,20,16.7,-1,17.0,11.25,Belgium,3
COL,16.263157894736842,9,20,12,20,16.7,-1,17.0,11.25,Italy,3
COL,16.263157894736842,9,20,12,20,16.7,-1,18.0,11.25,Brazil,3
COL,16.263157894736842,9,20,12,20,16.7,-1,19.0,11.25,Qatar,3
COL,16.263157894736842,9,20,12,20,16.7,-1,19.0,11.25,United Arab Emirates,3
COL,16.263157894736842,9,20,12,20,16.7,-1,19.0,11.25,Spain,3
COL,16.263157894736842,9,20,12,20,16.7,-1,20.0,11.25,Monaco,3
COL,16.263157894736842,9,20,12,20,16.7,-1,20.0,11.25,Great Britain,3
